title,price
"Relaxing In Your Soul , Best Body Work 212-941-1926 0.0",0
Lash Lift & Brow Lamination â€“ Special Promo 0.0,0
Full Body work 0.0,0
European Relaxing Massage W 46 street between 5&6ave 0.0,0
Massage Therapist (Male) 0.0,0
Relaxing Spa for Health & Wellbeing 0.0,0
Mature Masseur 4 Men 0.0,0
Queens/Flushing 0.0,0
Lovely latina spa 0.0,0
Full body therapeutic Massage treatment 646-258-0948 0.0,0
Facial cleansing and massages 0.0,0
Need an Affordable Stylist!!! Call me 0.0,0
Men Brazilian Waxing Special 0.0,0
"MANSCAPING, TRIMMING, SHAVING, BRAZILIAN WAXING 0.0",0
Body massage for only women 1 hour 65$ 0.0,0
Free Haircut (for job audition) 0.0,0
Spanish store 0.0,0
KTip Hair Extensions ~ only $599 this week! Full Service with Hair Inc 0.0,0
"THERAPY ,RELAXING BODYRUB DEEP TISSUE 0.0",0
Walk-inðŸŒ„ðŸŒ…ðŸŒ…ðŸ¦…ðŸ¦…24/7-OutcallðŸ¦…ðŸ¦…ðŸ¦…ðŸŒ…ðŸŒ…ðŸŒ„4hands Healthier 0.0,0
Unwind in A Luxury Spa â€“ Your Elegant Escape Awaits! 347-526-3528 0.0,0
HOUSE OF SENSATION 0.0,0
Rose Salon and Spa Massage 0.0,0
Downtown Atlantic Ave ðŸ“ž718-954-9595 latin staff 0.0,0
Salon Spa Services- Haircuts and Massages 0.0,0
Bodywork / Reflexology ðŸ¤²ðŸ¤²by male masseur 0.0,0
EZ Men Massa/ Bodywork by all male masseurs 0.0,0
Combo Special! Massage/Wax/Facial/Body Scrubs * Private Studio 0.0,0
Carmen Body Work Spa 0.0,0
ðŸ’•ðŸ¦µðŸš´ðŸ»â€â™€ï¸Professional waxing Mon-Sat 9 am-5 pm 0.0,0
Total Relaxation Center 0.0,0
Zen body work 0.0,0
$59 bodywork (9173499409) 0.0,0
Shaving Trimming Brazilian Wax Skilled 0.0,0
Looking for female models for tatoo brow portfolio 0.0,0
Brooklyn Laser Studio by Margarita 0.0,0
Freelance Hair & Makeup artist offering beauty services 0.0,0
Lip and Chin Filler Models 0.0,0
>>Mobile Barber Available<< 0.0,0
Health & wellness Spa 0.0,0
My amazing body workðŸ¤²M4M 0.0,0
Man and man massage 0.0,0
Elegant and relaxing Spa W/Shower upon request 0.0,0
M4M Full body massage only service man 0.0,0
Relaxing Bodyrub 0.0,0
Keratin treatment in your place! 0.0,0
Body massage and skin care in Long Beach 0.0,0
Beauty Services: Braiding & Nail Hand/Feet Services 0.0,0
Professional in-home pedicure 0.0,0
Relax Spa for Menâ€™s Relaxation & Wellbeing 0.0,0
"ðŸ€Grand opening ..luxury Spa ..ðŸ€ðŸ‘ (Zen Escape Spa) 0
Bodywork / Reflexology ðŸ¤²ðŸ¤²by male masseur",0
"Enjoy your weekend â€”relax for just $100!"" 0
Relaxing Massage for Men/ Tourists . 0
EZ M4M Massa/ Bodywork 0
Relaxing Massage with Waxing/Shaving and Body Scrubs Private Studio 0
FEMALE WANTED TODAY 0
MANSCAPING, TRIMMING, SHAVING, BRAZILIAN WAXING 0
Mens Cut 0
Slow Down with Ruby â€“ Your Midtown Escape ðŸŒ¸ 0
Massage 0
Seeking Female Models for E-File Manicure + Gel Cover 0
peri-menopausel pampering & support 4 Mature Ladies only. 0
Spa studio mimi 0
Relaxing body rub 0
Therapeutic Massage",0
"Bodywork / Reflexology ðŸ¤²ðŸ¤²by male masseur 0
Spa body workðŸ¤²by male therapist",0
"Terapia corporal 0
Models needed for Training Purposes. HIGHLY DISCOUNTED RATES 0
full body massage 0
Brooklyn Body Spa & Massage 0
Hair STYLISTS â€“ YOUR CHAIR IS WAITING IN THE HEART OF Jamaica 0
MOBILE BRAIDER 0
Magic Hands Spaï£¿ 0
Salon Beauty waxing, therapy, facial, pedicure 0
Oo lala latin spa 0
Hair Weave Specials ( Prom season) (Weddings) Birthdays 0
RENEW YOUR BODY WITH GREAT TOUCH 0
Man 4 man massage 0
Free Apprentice Haircuts 0
Itâ€™s Relaxation time",0
ðŸ§–â€â™€ï¸Skincare & Body Treatments at Angel Beauty 347-462-1118,0
"BRONX HAIR STYLIST 0
Professional massage therapy studio 4men 0
European Relaxing Massage W 46 street between 5&6ave 0
Relaxing Bodyrub 0
Models for lip fillers 0
Private hairstylist available now 0
Magic Hands Spaï£¿ 0
Latin bubble spa",0
brðŸŽˆðŸŽˆðŸŽˆMassage-Manscaping-Body Rubs-Trim/Shave-Wax.,0
"Salon Beauty waxing, therapy, facial, pedicure 0
Relaxing body massage 0
SEEKING SALVATION? SUBMISSIVE? Come get a massage! 0
Body massage 0
Electrician Service 0
Micropigmentation 0
Salon Spa Services- Haircuts and Massages 0
Relax Massage Flushing 0
Body relaxation by men in Queens",0
"Massage with manscaping facials/waxing/shaving/ private studio spa 0
Unwind in A Luxury Spa â€“ Your Elegant Escape Awaits! 347-526-3528 0
Spanish store 0
Rasa Spa in Midtown - Full body massage with hot stone etc 0
Lavender spa 0
Feel Better in Queens â€“ Thai Bodywork with Kitt 0
European Relaxing Massage W 46 street between 5&6ave 0
Best M4M Bodywork/Touch 0
Bibiâ€™s Touch â€“ Your Calm Space in the City 0
Model for Highlights Needed (Upper East Side) 0
Full body work â€œWilliamsburg locationâ€ 347-526-3528 0
Body Spa 0
Full body massage 0
Elegant and relaxing Spa W/Shower upon request 0
Human Hair Lace Frontal Wig Install 0
Men's Hair Care - Braids, Cuts, Locs, Twists, Perms 0
FREE HAIR Full Head Sew In, Braids, Cornrows, Microlink, Tape In 0
only service men Full body massage 0
Barber on the Go 0
Full Body Scrub for Men 0
Penacial/Manjacial for Men 0
Penacial/Manjacial for Men 0
Manscaping/Grooming/Waxing for Gentlemen 0
Massage therapy 4men commuters to NYC parking available UES location 0
Magic Hands Spa 0
EZ Spa Massa/ Bodywork by male 0
Body massage 0
Queens/Flushing 0
Hot Asian M4M Massage 0
Man 4 Man full body massage 0
Looking For Highlight Models 0
Latin safari spa 0
COME GET A WORK OUT ON YOUR BODY 0
Body work facail waxing 0
Apprentice Haircuts at Antonio Prieto Salon 0
Man 4 man fun massage 0
Massages for Menâ€™s Rejuvenation & Health 0
M4M massage only service man 0
Salon Spa Services- Haircuts and Massages 0
European Relaxing Massage W 46 street between 5&6ave 0
Mature Masseur 4 Men 0
Unwind with Ruby in Midtown â€“ Your Manhattan Reset ðŸŒ¿ 0
Flushing Body spa 9296342116 0
Your Hidden Gem in Elmhurst â€“ Relax with Ruby ðŸŒ¸ 0
Relaxation Time 0
Total Relaxation Center 0
Coney Island Beach(balance spa) (BROOKLYN) 0
Grand opening Bodywork spa 0
Rose Salon and Spa Massage 0
Men for Men..Only...Body Work 0
Latina fiesta spa",0
My amazing body workðŸ¤²M4M,0
Massage therapy 4men commuters to NYC parking available UES location,0
"âœ¨ Angle Beauty ðŸ’Ž Luxury Facial, Massage, Lashes & More!! 347-462-11",0
"Long Layer Haircut Model Needed 0
Lashed for $40.00!!!ðŸ’ðŸ¾â€â™€ï¸ðŸ™‹â€â™€ï¸ðŸ’ƒ 0
Strong Hands & Real Thai Massage by Kitt â€“ Incall & Outcall 0
Mobile barber/ House call barber 0
Unwind with Kitt â€“ Thai Bodywork That Hits All the Right Spots 0
Relax Massage Flushing 0
Treat Yourself to Bibi â€“ Where Calm Meets Confidence 0
Elegant and relaxing Spa W/Shower upon request 0
Combo Special! Massage/Wax/Facial * Private Studio 0
Midtown Moments with Bibi â€“ Thoughtful, Restorative Massage",0
"ðŸ‘‹ Male Therapist â€“ Strong Hands, Thai + Sports Massage 0
âœ¨ Soothing Thai & Lomi Lomi Massage by Hope â€“ Incall & Outcall 0
ðŸš¨FREE HAIRCUTðŸš¨(code below)",0
"Russian Manicure in Manhattan- first Visit $75 0
Masajista Dominicana 0
Braiding(beginner) 0
Flushing/Queens 0
Brooklyn Body Spa & Massage 0
five star sevice body massage waxing facial 0
Private salon suite/ salon chair rental available for rent 0
Latina sea spa 0
FREE Microblading/Nanoblading! 0
Latinas body rubs",0
ðŸ™ŒHealth & Wellness SPA,0
"Relaxing Bodyrub 0
Relaxing Massage with Waxing/Shaving and Body Scrubs Private Studio 0
Man 4 man bodywork 0
Airbrush Eyebrows 0
30% off all NEW CLIENTS FreshFacestudio 0
Full body work â€œWilliamsburg locationâ€ 347-526-3528 0
Natural Lip Fillers â€“ 1ml $200 â€“ Midtown Manhattan 0
Salon Beauty waxing, therapy, facial, pedicure 0
GR8 Massage by F. ðŸ’« 0
EUROPEAN SPA ,BODYRUB MANHATTAN 0
Mature Masseur 4 Men 0
Rose Salon and Spa Massage 0
Salon Spa Services- Facials and Massages 0
Time relax 6465460548 0
Spa 3479073148 0
Queens/Flushing 0
AuraHAIRCARE!!LOW PRICES!! Wigs! Sew-ins! ETC.. 0
Apprentice Haircuts at Antonio Prieto Salon 0
Massage LiveSpa TS-waxing, manicure, pedicure, trimmed, haircut 0
Mature Masseur 4 Men",0
â¤ï¸ Real Massage Therapy ðŸ˜Œ by Tiff,0
"Free complementary Session ! Massage for Women only by Artist 0
Take a Break with Bibi â€“ Relaxing Massage in Midtown Manhattan 0
Stress Relief by Talia -----Call 917-225-0975------",0
"Sabrina 0
Relax Refresh Renew Thai Bodyworks NYC. 0
Relaxing massage Sheepsheadbay 0
PERSONAL & FITNESS TRAINER - UNLEASH YOUR FULL POTENTIAL! 0
$59 body work 0
Men4MenThaimassage24HR 0
Full Body work 0
HOME HEALTH AID (Not An Agency - Private Home Care) 0
FEMALE for destressing/yoga or massage ASAP 0
Rain or Shine, Reset with Ruby â€“ Midtown East & Queens â˜€ï¸â˜”ï¸ 0
Refresh Your Energy with Bibi â€“ Available in Manhattan & Queens 0
Personal Trainer & Nutritionist. Programs Come With Daily Check-Ins 0
IN HOME PERSONAL TRAINING 0
Inclusive, Non-judgmental Fitness at Home | Queens, BK, Manhattan 0
Boxing Lessons",0
"ðŸ’ª Personal Trainer â€“ Build Muscle, Burn Fat, Get Strong (Brooklyn / M",0
"Massage Bliss Therapy for Women (outcall NYC) 0
Bodywork 0
Relaxing massage 0
Massage therapy happiness outcall 0
European style spa 212-262-6263 0
PERSONAL TRAINER AFFORDABLE RATES QUICK RESULTS 0
European style Spa 212-315-2511 0
Relax with Kitt â€“ Thai Bodywork in Queens & Manhattan (By Appointment) 0
Legit LICENSED massage by male therapist 0
Massage happiness outcall 0
Talk therapy 0
Full body massage ðŸ’†â€â™€ï¸ 0
BELLA THAI BODYWORK IN NY Midtown EAST",0
ðŸ“£ Personal Trainer | Private Gym Sessions | Manhattan,0
"Beyond Quantum Healing Practitioner 0
Monday Motivational Coaching 0
Ultimate Self-Defense for Women 0
Personal trainer Brooklyn and Manhattan 0
High-Quality Listening (non-medical), $35/hr 0
Relaxing Spa for Health & Wellbeing 0
Ultimate 4-Hand Male-to-Male MSG â€“ 3 stops from WTC 0
Find Your Balance with Bibi â€“ Now in Midtown & Queens 0
Relax with Ruby â€“ Midtown Manhattan or Queens ðŸŒ¸ 0
Spring renewal 0
End Your Day Right â€“ Relax with Bibi in Midtown",0
Mature girlðŸŒ¸professional full bodymassage&Shave.,0
"Life coach services, first session free! 0
Health is the ultimate wealth",0
"Massage Services 0
Massage 0
Professional massage therapist ( female only) 0
You have been Invited. 0
Certified Personal Trainer/ Boxing & Kickboxing Coach 0
Personalized meal prep service/ baked goods with delivery",0
"Stress-Vaporizing Swedish Massage (by appt) 0
Letâ€™s Make Your Friday Better â€“ Relax with Ruby in Midtown âœ¨ 0
Ease Into the Weekend â€“ Massage with Bibi in Midtown 0
Bodywork for men M4M 0
Massage Therapist 0
Healing Energy Touch Relaxation Therapy for Men!",0
"Yale OCD Research Participation 0
Room for Rent in Spa Salon in midtown 0
Massage 0
For The Ladies Only Queens/Long Island 0
Relaxing massage 0
Looking for Massage 0
Need a Change? Let's Talk. (Life and Personal Development Coaching) 0
Recharge with Bibi â€“ Thoughtful Bodywork in Midtown",0
ðŸ”¥ Free for 8 Weeks â€“ Fitness & Nutrition Coaching/Personal Trainer,0
"Personal training services Train like ELITE, Working with Seniors as well 0
Personal training services Train like ELITE, Working with Seniors as well 0
Train like ELITE, Working with Seniors as well 0
Brooklyn Spa Opens 0
Mental health therapist, motivational coach! 0
SACRED TOUCH BODYWORK FOR MEN ONLY! NO WOMEN/NO TRAN",0
ðŸŒžðŸŒ¿ðŸï¸ YOU DESERVE THE BEST FOR MIND~ BODY~WELLNESS ðŸŒ¸,0
"ðŸ—½ðŸï¸ LIMITED TIME SPECIAL ðŸ’¥ $160 for 2 hour massage ðŸŒ¤ï¸ 0
Relax and receive an incredible full body massage 0
NYC Fit and Healthy!!!Training.., 0
Free Wearable Wellness Sample for Health and Wellness Practitioners 0
Yoga, Massage FEMALE WANTED ASAP 0
Relaxing Massage !! 0
STRETCH WITH MASSAGE (LEGITIMATE SERVICE)",0
STRETCHING WITH MASSAGE THERAPY ðŸŽ‰ legitimate service!!,0
"Are You In PPL/ CDPAP Hell? - Caregiver 0
Massage from ex personal trainer - masseur",0
"Mind Training Coach 0
Get help with your health issues that won't go away. 0
Gails Care is looking for families looking for Private HHA Services 0
All Ailments can be improved or cured with my original CHN acupuncture 0
Relaxing massage 0
Meet Ruby â€“ Your Midtown Reset Starts Here ðŸŒ¿ðŸ’« 0
Massage 0
Healing zen massage outcall 0
Private home health aide 0
Professional Massage Therapy Services 0
Massage Therapist",0
"Sabrina 0
Last Day in Manhattan! Treat Yourself to a Real Massage by Hope âœ¨ 0
Home health aid service 0
American Heart Association CPR Courses 0
5 Elements Massage",0
"SINNY BODY WORK MIDTOWN 0
Massage for woman 0
Relax Refresh Renew Thai Bodywork NYC. 0
Unmatched Happy Hour & Dining Experience | Taphaus 33 NYC 0
Personal trainer / health advisor 0
Boxing- Training w/former Pro - Supersave Training Packs avail 0
â­ï¸Professional massage with Bellaâ­ï¸ 0
Learn how to box! 0
Learn how to box! 0
PERSONAL TRAINER * ROME WAS NOT BUILT IN A DAY * 0
FEMALE TRAINER,work with the best,FORMERLY at EQUINOX CLUBS 0
Private Massage & Housekeeping by Kitty Cleaners 0
Mature Companion/Caregiver For Hire!",0
"Gay relaxation for men 0
Bodies By Calisthenics Personal Training 0
Sunny island foot spa Grand opening 0
Blue's Touch - Massage",0
âœ…Accountability & Life Coaching starting at only $15/session ðŸ‹ï¸â«â€¼,0
"Personal Training + Nutrition Coaching | NASM CertifiedðŸ’ªðŸ¼ 0
Unwind in Queens â€“ Massage by Bibi in Elmhurst 0
Starting a Concierge/Cash-Pay Medical Practice? Contact MCP",0
â¤ï¸ Real massage therapy ðŸ˜Œ by Tiff,0
"Elevated Bodywork â€“ Recenter, Rejuvenate, Realign with Hope 0
Kanok Bodywork NYC. 0
Remote Reiki Energy Healing â€“ Grounding Support from Home 0
Step Into Stillness â€“ Massage with Bibi in Midtown 0
Full body massage for my wife -black",0
"Take a Breakâ€¦ Let Hope Help You Unwind 0
Mobile Assisted Stretching in NYC â€“ Feel Younger, Move Better with Str 0
Four Hands, Pure Bliss Massage 0
Body Work 4 Men 0
Relaxing massage Sheepsheadbay 0
Certified Nurse Assistant (CNA) Certified Home Health Aide (HHA) 0
Certified Nurse Assistant (CNA) Home Health Aide (HHA) 0
Feel Your Best with Me â€“ Bibi in Midtown East 0
No Gym Membership Needed / Certified Personal Trainer 0
Find comfort with us (for men) 0
Looking for a Companion? (dinner, errands, shopping etc.) 0
PERMANENT Holistic Weight Loss 0
Personal Trainer Here To Deliver RESULTS 0
Breathe Easy with Bibi â€“ Restorative Massage in Midtown 0
Personal trainer South Brooklyn 0
Licensed Physical Therapist 0
Psychic readings 0
LOLITA DEEP TISSUE BODY WORK",0
ðŸŒ¼ Rejuvenating Thai & Lomi Lomi Bodyworkâ€“ Outcall & Incall Available,0
"Midtown Magic with Ruby â€“ Just the Right Touch âœ¨ 0
Looking for a Dining Companion? @Table PresenceNYC 0
Certified Personal Fitness Trainer",0
"Relaxing massage 0
Massage 4 Men 0
massage 0
STRETCHING WITH MASSAGE COMBINATION 0
STRETCHING WITH MASSAGE COMBINATION 0
Private In-Home Personal Trainer Manhattan-Based, Results-Focused 0
look for partners 0
*****Acupuncture & massage $50 gift card @ Web: Acupuncturetao.net 0
CUDDLING WANTED (FEMALE) 0
Achieve with Daniel 6'6"" 240lbs Personal Trainer, Accountability Coach 0
Psychiatry Services 0
Mental Health Psychiatrist 0
Find comfort 0
Free complementary Session ! Massage for Women only by Artist 0
Below-Zero-Stress Swedish Massage (by appt) 0
Personal Trainer - become your best self 0
Personal trainer taking on new clients",0
"ðŸ’†â€â™€ï¸ Ruby â€“ Calm, Restorative Bodywork in Manhattan (Incall Only)",0
"THIS PERSONAL TRAINER GET YOU AMAZING RESULTS AFFORDAB 0
Hypnosis (Serious Inquiries Only!) 0
Hypnosis (Serious Inquiries Only!)",0
âœ¨ Bibiâ€™s Thai-Swedish Fusion Massage,0
"Relaxing massage 0
Therapeutic Massage by Certified Massage Therapist 0
Relaxing body rub 0
Body Work 4 Men 0
ðŸŒ¿ Relaxing Massages â€“ Your Moment of Peace ðŸŒ¿ 0
Professional massage therapist ( female only) 0
LICE IN SIGHTÂ® - LICE REMOVAL SERVICE IN NYC. WE DO HOUSE CA",0
âœ¨ Escape with Ruby â€“ Midtown & Queens Sessions Available,0
"Traditional Thai & Therapeutic Bodywork â€“ Midtown East & Queens 0
Gentle, Relaxing Massage by Hope â€“ New to Manhattan! 0
Relaxing 4 Hand Massage 0
30% off all NEW CLIENTS 0
Therapeutic Massage For Males Only by Masseur",0
âœ¨ Reset with Kitt â€“ Thai Bodywork in Manhattan + Outcalls,0
"Craft Beers & Delicious Bites at Tap Haus 33 â€“ Delivery Available! 0
Private Jiujitsu Instructor Available 0
Therapeutic Massage with Southern Hospitality 0
PERSONAL TRAINER 34 YRS EXP BEST TRAINER SUMMER AROUND 0
Relaxing Bodyrub 0
Need Hourly or Live-In Senior Care? 0
Save Up To 50% on Home Care Costs for Hourly or Live-In Care 0
Save Up to 50% on Hourly or Live-In Care 0
Hypnosis for Anxiety Labido Energy Motovation Virtual Anything! 0
Personal trainer NYC 0
Zoom Yoga for Back & Knee Pain Relief â€“ $20/hr + Free Trial Class! 0
PERSONAL TRAINER TRAIN WITH THE BEST 34 YRS EXP. AFFORDA 0
*****Acupuncture & massage $50 gift card @ Web: Acupuncturetao.net 0
Strong Hands & Calm Vibes in Midtown Manhattan âœ¨ 0
Man-For-Man Massage Therapy! BOOK NOW",0
"CPR and First Aid Classes 0
Relaxing Massage 0
Yoga and Meditation Teacher/Guide 0
Conversationalist 0
Office Spaces for Rent $850 monthly 0
Life, Money, Happiness coach ($15 for 15 minutes) by CPA",0
Professional Facial â€ Massage â€ Waxing,0
"Magical healing touch for Men/Women, LGBT Friendly for Incall/Outcall 0
Cloudy Days Call for Bibi â€“ Warm, Recharging Massage in Midtown 0
Rainy Day? Let Ruby Be Your Sunshine â€” Midtown Appointments Availabl 0
Best Massage 0
Let Hope Melt Your Stress Away â€“ Full Body Reset Youâ€™ll Love 0
Get in shape with certified personal trainer 0
Looking for partners & colleagues 0
Massage Therapist Male 0
Femme boy massage and quality time for MEN 0
PATIENT CHAPERONE AVAILABLE 0
âœ¨ Rejuvenating Massage by Hope â€“ Thai, Deep Tissue, Lomi Lomi âœ¨ 0
Take a Break with Ruby â€“ Your Midtown Escape Awaits 0
Body Work 4 Men 0
Total Relaxation Center 0
Need someone to talk to or vent your frustration to? 0
Relaxing Male-to-Male Massage 0
Relaxing massage 0
Compassionate Elder Health Care Aide Available 0
$49 MOBILE ASSISTED STRETCHING SERVICE | WELCOME TO STRE 0
Stretch NY: Your Personalized In-Home Assisted Stretching Service $49 0
Relax in Queens with Bibi â€“ Personalized Massage in Elmhurst 0
Ready to Relax? Elmhurst Sessions Available Now 0
MASSAGE WITH STRETCHING COMBINATION",0
ðŸ† PRIVATE STRENGTH & PERFORMANCE CONSULTING â€“ NYC & INT,0
"Professional massage 0
Stress-Vaporizing Swedish Massage (by appt) 0
ðŸ’–Best choice massage with BellaðŸ’– 0
Man-For-Man Massage Therapy! BOOK NOW 0
GYM EQUIPMENT REPAIR SERVICE & INSTALLATION 0
Relaxing 4 Hand Massage 0
Life coach sessions 0
Is your WIFE more like your ROOMMATE? Marriage on Brink of Divorce? 0
BELLA THAI BODYWORK IN NY Midtown EAST 0
Virtual Orthodontal Treatment in Your Home. Full Case starts at $899 0
*****Acupuncture & massage more service @ Web: Acupuncturetao.net",0
"Affordable & Professional Duct Cleaning â€“ Free Estimates 0
FOCUS MITTS TRAINING 0
Find comfort 0
SINNY THAI DEEP TISSUE MIDTOWN 0
THIS PERSONAL TRAINER GET YOU AMAZING RESULTS AFFORDAB 0
Gentle Touch in Elmhurst â€“ Relax, Reset & Feel Amazing ðŸ’« 0
Relaxation therapeutic massage for men 0
ðŸŒ¿ Thai Massage by Kitt | Strong Hands, Soothing Energy ðŸŒ¿",0
"Body Work 4 Men 0
(In Home Care) Do you need a Caregiver? 0
Escape the City with Ruby â€“ Your Midtown Reset Awaits 0
Traditional Thai Bodywork by Gigi â€“ Deep Relaxation & Rejuvenation 0
âœ¨ Luxurious In-Home Massage by Male Therapist â€“ NYC âœ¨ 0
Hi, Iâ€™m Bibi â€“ Relaxing Massage in Manhattan 0
Food Protection Certificate 0
PERSONAL TRAINER IF IM IN SHAPE THEN I CAN HELP YOU 0
HealthCare Coverage for Individuals Families and Small Businesses 0
Breathwork 0
Self-Defense for Women 0
Relax, Recover & Realign with Thai Bodywork â€“ Midtown Manhattan 0
Relaxing massage 0
Reiki Healing/Full body Acupressure/Cupping 0
Massage therapy $100/hr 0
Unique Brazilian 4-hand-massage 0
DOES YOUR MOM or DAD NEED HELP? 0
Certified PCA-HHA Professional Home Health aid",0
